Santee,Santa
__juggler__,.flinty82
_ennead_,
._mummabear_.,sudokuevdk
.ambrose,nellgwyn
.andrewsarchus,kingofarrows
.billmurphy,
.dreamlibrarian,gdc42
.flinty82,fjam
.mrdanh,_ennead_
.urmas,the0m
.xetto,bencejoful
1zur,
agent2896,calesch
akashg23,
alecxc,nurator
alphachannel,
analyticalninja,alecxc
aqjhs,.dreamlibrarian
aspartagcus,ndchien
awesome10billion,akashg23
azireo,radarvillage
ben_karcher,prasanna16391
bencejoful,spratt
bobuardo_da_vinci,
book909,
botaku,feadoor
calesch,unclejonbob
chad2003,
chefofdeath1,egubachu
chilly1183,waffles_the_dog
chinstrap420,chad2003
chrisj50,cornishjohn
chromonica,
cornishjohn,i.love_sleeping
crusader175,dadjokes3519
dadjokes3519,virtual256
darthparadox,sedho
davmillar,johngisme
dexter345,fawful
dodomos,mathpesto
drlogic,hache_moncour
egubachu,fahmisack
emphyrio_,yttrio
endagorion,pjoeterbliep
fahmisack,jubale
fawful,
feadoor,davmillar
fjam,stefliew
flashgroudon,going2killu
fryguy,.andrewsarchus
full_deck,pawspurplewoof
gdc42,rangsk
genethesupreme,palpot56
george2731,
going2killu,.xetto
greeny.dev,phil_the
hache_moncour,isaiah5152
i.love_sleeping,samupiano
ikemanga,
isaiah5152,fryguy
it_is_donatello_86,dexter345
itsakamatsu,
johngisme,genethesupreme
jonn6969,missingafewcards
jsgaviota,sujoyku_33440
jubale,george2731
jwsinclair,.billmurphy
kafkapharnaum,emphyrio_
kenglue,xrm100
kennetsdad,flashgroudon
kimchi_cake,visumation
kingofarrows,
korshben,
lennartmuijres,mr.menace.
lr0dl,dodomos
mad_tyas,korshben
malrog,alphachannel
many_splendored,scojo486
Mark,crusader175
mathguy_12,ikemanga
mathpesto,kenglue
matt_y_ddraig,kafkapharnaum
matttheshirt,yoshibaroshi
maverickjd,yura_chameleon
missingafewcards,lennartmuijres
mnasti2,piatato
mr.menace.,nofeetmcgee
nb_puzzles,._mummabear_.
ndchien,matt_y_ddraig
nellgwyn,mad_tyas
nofeetmcgee,paletron
nurator,visumation
oripy,ska234
orlo9460,drlogic
paletron,
palpot56,azireo
panth_chesh,
pawspurplewoof,chromonica
phil_the,rockyroer
piatato,itsakamatsu
pjoeterbliep,aspartagcus
pjotrv84,bobuardo_da_vinci
polmanpoppins,darthparadox
prasanna16391,analyticalninja
punchingcatto,mr.menace.
radarvillage,prasanna16391
rangsk,panth_chesh
rockyroer,many_splendored
samupiano,matt_y_ddraig
scojo486,Mark
sedho,mnasti2
ska234,aqjhs
sktx,chinstrap420
someguy209,it_is_donatello_86
spaanse,
spratt,pjotrv84
stefliew,superrabbit
sudokuevdk,underspecified
sujoyku_33440,book909
superrabbit,prasanna16391
the0m,thithildeprouv
thithildeprouv,nb_puzzles
unclejonbob,orlo9460
underspecified,jsgaviota
virtual256,kennetsdad
visumation,mathguy_12
waffles_the_dog,.ambrose
xrm100,sktx
yoshibaroshi,.urmas
yttrio,endagorion
yura_chameleon,